date,expName,psychopyVersion,frameRate,RunNum,SetNum,FirstStim,SecondStim,Confidence,Outcome,OutcomeNum,Tone,firststim_img.started,isi_conf_stim1.started,conf_img_stim1.started,conf_resp_stim1.started,conf_resp_stim1.keys,conf_resp_stim1.rt,isi_stim,isi_stim.started,isi_stim.stopped,secondstim_img.started,isi_conf_stim2.started,conf_img_stim2.started,conf_resp_stim2.started,conf_resp_stim2.keys,conf_resp_stim2.rt,outcome_img.started,Tone.started,Tone.stopped,jitter_iti,iti.started,iti.stopped,Agent_Strength,Opponent_Strength,Agent_Health,Opponent_Health
2024-01-29_10h41.12.362,Gen_Run1_Tone,2023.1.0,59.93137856,1,1,img/Agent_LW.png,img/HS.png,img/confidence.png,img/lost.png,0,img/WhiteNoiseLong.wav,119.0789978,120.0604549,120.3108194,120.3108194,['a'],[2.2797883999883197],1,122.6125849,123.6271646,123.6271646,124.6141696,124.8646666,124.8646666,['a'],[2.388884700019844],127.5704135,127.7170081,129.0181135,2,129.0348416,131.0436541,3,2,1,3
2024-01-29_10h41.12.362,Gen_Run1_Tone,2023.1.0,59.93137856,1,1,img/Agent_LM.png,img/HS.png,img/confidence.png,img/won.png,1,img/Silent.wav,131.0436541,132.0375217,132.2878713,132.2878713,['c'],[1.849738700024318],0.5,134.155963,134.656626,134.656626,135.657259,135.9077992,135.9077992,['a'],[1.7869765000068583],138.4237006,138.4270358,,1,139.4769779,140.4856156,3,2,2,3
2024-01-29_10h41.12.362,Gen_Run1_Tone,2023.1.0,59.93137856,1,1,img/Agent_LS.png,img/AW.png,img/confidence.png,img/won.png,1,img/Silent.wav,140.4856156,141.4791263,141.7294983,141.7294983,['c'],[0.13527699996484444],1.5,141.8961668,143.3979488,143.3979488,144.3983775,144.6487711,144.6487711,['c'],[2.6869302000268362],147.653181,147.8013716,149.1051188,0.5,149.1189269,149.6198744,3,1,3,1
2024-01-29_10h41.12.362,Gen_Run1_Tone,2023.1.0,59.93137856,1,1,img/Agent_LW.png,img/HM.png,img/confidence.png,img/won.png,1,img/Silent.wav,149.6198744,150.6205248,150.8708383,150.8708383,['a'],[0.7687940999749117],2,151.6716231,153.6739518,153.6739518,154.6740684,154.9242962,154.9242962,['b'],[2.3532919000135735],157.5749443,157.7434031,159.0608881,1.5,159.0779008,160.5793543,3,2,1,2
2024-01-29_10h41.12.362,Gen_Run1_Tone,2023.1.0,59.93137856,1,1,img/Agent_LW.png,img/AM.png,img/confidence.png,img/won.png,1,img/Silent.wav,160.5793543,161.5800845,161.8305229,161.8305229,['a'],[1.7141716000041924],1.5,163.5650831,165.0662751,165.0662751,166.0673772,166.3177677,166.3177677,['b'],[0.3998029000358656],167.0165108,167.1682689,168.4692526,1,168.486136,169.4873276,3,1,1,2
2024-01-29_10h41.12.362,Gen_Run1_Tone,2023.1.0,59.93137856,1,1,img/Agent_LM.png,img/LW.png,img/confidence.png,img/won.png,1,img/Silent.wav,169.4873276,170.487937,170.738003,170.738003,['c'],[2.837520500004757],0.5,173.6072712,174.1093873,174.1093873,175.108656,175.3590294,175.3590294,['a'],[0.13869059999706224],175.8108425,175.9593586,177.2650458,2,177.2772031,179.2791914,3,3,2,1
2024-01-29_10h41.12.362,Gen_Run1_Tone,2023.1.0,59.93137856,1,1,img/Agent_LS.png,img/LW.png,img/confidence.png,img/won.png,1,img/Silent.wav,179.2791914,180.2797803,180.5301749,180.5301749,['c'],[2.437329899985343],0.5,182.9988841,183.4995518,183.4995518,184.5003271,184.750621,184.750621,['a'],[2.5540466999518685],187.6186759,187.7697641,189.075117,1,189.0875478,190.0885286,3,3,3,1
2024-01-29_10h41.12.362,Gen_Run1_Tone,2023.1.0,59.93137856,1,1,img/Agent_LS.png,img/HW.png,img/confidence.png,img/won.png,1,img/Silent.wav,190.0885286,191.0893131,191.3397126,191.3397126,['c'],[0.5089469999657013],0.5,191.8733505,192.3787334,192.3787334,193.3747087,193.6249575,193.6249575,['a'],[0.7277006999938749],194.6563382,194.8092412,196.1151556,1.5,196.1269501,197.6285854,3,2,3,1
2024-01-29_10h41.12.362,Gen_Run1_Tone,2023.1.0,59.93137856,1,1,img/Agent_LW.png,img/AS.png,img/confidence.png,img/won.png,1,img/Silent.wav,197.6285854,198.6293538,198.8796721,198.8796721,['a'],[0.10201299999607727],2,199.012898,201.0191536,201.0191536,202.0155173,202.2660037,202.2660037,['c'],[0.3009827000205405],202.8805365,203.0331785,204.3350859,0.5,204.3510304,204.8516821,3,1,1,3
2024-01-29_10h41.12.362,Gen_Run1_Tone,2023.1.0,59.93137856,1,1,img/Agent_LM.png,img/LS.png,img/confidence.png,img/lost.png,0,img/WhiteNoiseLong.wav,204.8516821,205.8523176,206.1026914,206.1026914,['c'],[1.480128999974113],2,207.6036594,209.6052544,209.6052544,210.6064798,210.8568878,210.8568878,['a'],[1.728768399974797],212.8752239,213.0419463,214.3430548,2,214.3597496,216.361826,3,3,2,3
2024-01-29_10h41.12.362,Gen_Run1_Tone,2023.1.0,59.93137856,1,1,img/Agent_LM.png,img/HM.png,img/confidence.png,img/lost.png,0,img/WhiteNoiseLong.wav,216.361826,217.3624897,217.6127898,217.6127898,['c'],[1.3859083999996074],1,219.0305816,220.0318631,220.0318631,221.0322768,221.2827015,221.2827015,['c'],[0.3583766000228934],221.933313,222.0999481,223.4010891,2,223.4177555,225.4198852,3,2,2,2
2024-01-29_10h41.12.362,Gen_Run1_Tone,2023.1.0,59.93137856,1,1,img/Agent_LW.png,img/LM.png,img/confidence.png,img/lost.png,0,img/WhiteNoiseLong.wav,225.4198852,226.420356,226.6708018,226.6708018,['a'],[3.037787399953231],1.5,229.7400009,231.2460847,231.2460847,232.2421282,232.4926542,232.4926542,['a'],[2.8980518999742344],235.6786254,235.845369,237.1465219,1.5,237.1632082,238.6648839,3,3,1,2
2024-01-29_10h41.12.362,Gen_Run1_Tone,2023.1.0,59.93137856,1,1,img/Agent_LS.png,img/HM.png,img/confidence.png,img/won.png,1,img/Silent.wav,238.6648839,239.6651695,239.9157713,239.9157713,['c'],[1.8029886999865994],1,241.750428,242.7515795,242.7515795,243.7526829,244.002366,244.002366,['c'],[3.452413199993316],247.7563767,247.9057693,249.2064943,1.5,249.240318,250.7419937,3,2,3,2
2024-01-29_10h41.12.362,Gen_Run1_Tone,2023.1.0,59.93137856,1,1,img/Agent_LS.png,img/HS.png,img/confidence.png,img/lost.png,0,img/WhiteNoiseLong.wav,250.7419937,251.7424972,251.9930002,251.9930002,['c'],[2.115736600011587],0.5,254.1280043,254.6286825,254.6286825,255.6293162,255.8797394,255.8797394,['c'],[1.170903799997177],257.3476687,257.5142916,258.8153993,1,258.8321285,259.8331451,3,2,3,3
2024-01-29_10h41.12.362,Gen_Run1_Tone,2023.1.0,59.93137856,1,1,img/Agent_LM.png,img/AS.png,img/confidence.png,img/won.png,1,img/Silent.wav,259.8331451,260.8338756,261.0842254,261.0842254,['c'],[0.45851590001257136],1.5,261.5678402,263.0694112,263.0694112,264.070036,264.3205112,264.3205112,['a'],[0.7564079000148922],265.3868749,265.538025,266.8389107,0.5,266.8557634,267.3564911,3,1,2,3
2024-01-29_10h41.12.362,Gen_Run1_Tone,2023.1.0,59.93137856,1,1,img/Agent_LW.png,img/LS.png,img/confidence.png,img/lost.png,0,img/WhiteNoiseLong.wav,267.3564911,268.3570774,268.6075798,268.6075798,['a'],[2.2980856000212952],1.5,270.9259824,272.4276421,272.4276421,273.4282877,273.6784753,273.6784753,['a'],[0.8722450000350364],274.8462072,275.0129707,276.3141522,1.5,276.3307781,277.83259,3,3,1,3
2024-01-29_10h41.12.362,Gen_Run1_Tone,2023.1.0,59.93137856,1,1,img/Agent_LW.png,img/HW.png,img/confidence.png,img/won.png,1,img/Silent.wav,277.83259,278.8328004,279.0834734,279.0834734,['a'],[0.6242272999952547],1,279.7337824,280.7349455,280.7349455,281.7354506,281.9858249,281.9858249,['b'],[0.7870039999834262],283.0851239,283.2368969,284.537704,1.5,284.5545538,286.056083,3,2,1,1
2024-01-29_10h41.12.362,Gen_Run1_Tone,2023.1.0,59.93137856,1,1,img/Agent_LW.png,img/AW.png,img/confidence.png,img/won.png,1,img/Silent.wav,286.056083,287.0569017,287.3073163,287.3073163,['a'],[0.5934571999823675],0.5,287.9242641,288.424981,288.424981,289.4255467,289.6760607,289.6760607,['b'],[0.5126364000025205],290.4779908,290.6434357,291.9608078,2,291.9779331,293.9797647,3,1,1,1
2024-01-29_10h41.12.362,Gen_Run1_Tone,2023.1.0,59.93137856,1,1,img/Agent_LS.png,img/AS.png,img/confidence.png,img/won.png,1,img/Silent.wav,293.9797647,294.980498,295.2309,295.2309,['c'],[0.8501380999805406],0.5,296.097994,296.5987998,296.5987998,297.5994909,297.8499383,297.8499383,['b'],[0.5068434000131674],298.6684926,298.8172481,300.118174,1.5,300.1349879,301.6365598,3,1,3,3
2024-01-29_10h41.12.362,Gen_Run1_Tone,2023.1.0,59.93137856,1,1,img/Agent_LM.png,img/AM.png,img/confidence.png,img/won.png,1,img/Silent.wav,301.6365598,302.637247,302.8876427,302.8876427,['c'],[0.1360879000276327],0.5,303.0542427,303.5552521,303.5552521,304.5556155,304.8061426,304.8061426,['c'],[1.0035815000301227],306.1247896,306.2738005,307.5754129,1,307.5916922,308.5925763,3,1,2,2
2024-01-29_10h41.12.362,Gen_Run1_Tone,2023.1.0,59.93137856,1,1,img/Agent_LS.png,img/LM.png,img/confidence.png,img/won.png,1,img/Silent.wav,308.5925763,309.5933075,309.8437197,309.8437197,['c'],[1.141202999977395],0.5,311.011205,311.511823,311.511823,312.512537,312.7630262,312.7630262,['c'],[1.2969068000093102],314.3636362,314.5143485,315.8162427,1.5,315.8320829,317.3335638,3,3,3,2
2024-01-29_10h41.12.362,Gen_Run1_Tone,2023.1.0,59.93137856,1,1,img/Agent_LS.png,img/AM.png,img/confidence.png,img/won.png,1,img/Silent.wav,317.3335638,318.3343013,318.5847223,318.5847223,['c'],[0.6361141999950632],0.5,319.2518027,319.7525806,319.7525806,320.7530449,321.0036167,321.0036167,['c'],[0.34626489999936894],321.653395,321.8040832,323.1057092,1,323.1218131,324.1231935,3,1,3,2
2024-01-29_10h41.12.362,Gen_Run1_Tone,2023.1.0,59.93137856,1,1,img/Agent_LM.png,img/AW.png,img/confidence.png,img/won.png,1,img/Silent.wav,324.1231935,325.1237123,325.3736611,325.3736611,['c'],[0.9840145000489429],2,326.3747823,328.3767423,328.3767423,329.3773427,329.6278316,329.6278316,['b'],[2.7581046000123024],332.6945096,332.8470766,334.1479441,1.5,334.1648304,335.6663828,3,1,2,1
2024-01-29_10h41.12.362,Gen_Run1_Tone,2023.1.0,59.93137856,1,1,img/Agent_LM.png,img/HW.png,img/confidence.png,img/won.png,1,img/Silent.wav,335.6663828,336.6670564,336.9175168,336.9175168,['c'],[0.8001786000095308],0.5,337.7347069,338.2353335,338.2353335,339.2359548,339.4864765,339.4864765,['a'],[0.5364298999775201],340.3351039,340.4870125,341.7879965,1,341.8047925,342.8216558,3,2,2,1
2024-01-29_10h41.12.362,Gen_Run1_Tone,2023.1.0,59.93137856,1,1,img/Agent_AW.png,img/LS.png,img/confidence.png,img/lost.png,0,img/WhiteNoiseLong.wav,342.8216558,343.8065576,344.0569537,344.0569537,['b'],[0.7718848999938928],0.5,344.8574427,345.358185,345.358185,346.6090374,346.6090374,346.6090374,['a'],[1.045728600001894],347.943684,348.1104882,349.4116515,1.5,349.4282667,350.9312934,1,3,1,3
2024-01-29_10h41.12.362,Gen_Run1_Tone,2023.1.0,59.93137856,1,1,img/Agent_AS.png,img/AM.png,img/confidence.png,img/won.png,1,img/Silent.wav,350.9312934,351.9304197,352.1809319,352.1809319,['b'],[1.465777800010983],0.5,353.6653536,354.1660772,354.1660772,355.4169837,355.4169837,355.4169837,['b'],[1.2239411000045948],356.9524943,357.1015783,358.4051593,1,358.4195423,359.4205488,1,1,3,2
2024-01-29_10h41.12.362,Gen_Run1_Tone,2023.1.0,59.93137856,1,1,img/Agent_AW.png,img/HM.png,img/confidence.png,img/lost.png,0,img/WhiteNoiseLong.wav,359.4205488,360.4212788,360.6713145,360.6713145,['a'],[0.2623750999919139],0.5,360.9549128,361.4556337,361.4556337,362.7068322,362.7068322,362.7068322,['c'],[1.3209005999960937],364.3249,364.4915139,365.7924831,1.5,365.809267,367.3108552,1,2,1,2
2024-01-29_10h41.12.362,Gen_Run1_Tone,2023.1.0,59.93137856,1,1,img/Agent_AW.png,img/AM.png,img/confidence.png,img/lost.png,0,img/WhiteNoiseLong.wav,367.3108552,368.3114823,368.5620341,368.5620341,['c'],[0.5696419000159949],2,369.1622702,371.1642614,371.1642614,372.415316,372.415316,372.415316,['a'],[0.18954929994652048],372.8991249,373.0657954,374.3667549,2,374.3835487,376.3862845,1,1,1,2
2024-01-29_10h41.12.362,Gen_Run1_Tone,2023.1.0,59.93137856,1,1,img/Agent_AM.png,img/HW.png,img/confidence.png,img/lost.png,0,img/WhiteNoiseLong.wav,376.3862845,377.3861947,377.6367069,377.6367069,['b'],[0.8730392000288703],0.5,378.5371575,379.0377348,379.0377348,380.2889674,380.2889674,380.2889674,['c'],[2.093757299997378],382.6743547,382.8408786,384.1420962,1.5,384.1586579,385.660459,1,2,2,1
2024-01-29_10h41.12.362,Gen_Run1_Tone,2023.1.0,59.93137856,1,1,img/Agent_AM.png,img/HM.png,img/confidence.png,img/lost.png,0,img/WhiteNoiseLong.wav,385.660459,386.6610562,386.9114287,386.9114287,['c'],[2.1482869000174105],0.5,389.0798088,389.5804625,389.5804625,390.8314232,390.8314232,390.8314232,['a'],[0.9691795000107959],392.0826522,392.265894,393.5669015,1,393.5835723,394.5847837,1,2,2,2
2024-01-29_10h41.12.362,Gen_Run1_Tone,2023.1.0,59.93137856,1,1,img/Agent_AW.png,img/HS.png,img/confidence.png,img/lost.png,0,img/WhiteNoiseLong.wav,394.5847837,395.5854184,395.8358183,395.8358183,['a'],[0.8560012000380084],0.5,396.7198096,397.220461,397.220461,398.471594,398.471594,398.471594,['a'],[2.1191219000029378],400.89023,401.0569897,402.3580644,0.5,402.3745732,402.8754149,1,2,1,3
2024-01-29_10h41.12.362,Gen_Run1_Tone,2023.1.0,59.93137856,1,1,img/Agent_AM.png,img/AS.png,img/confidence.png,img/lost.png,0,img/WhiteNoiseLong.wav,402.8754149,403.8760662,404.126526,404.126526,['a'],[0.1880966000026092],1,404.3428908,405.3442852,405.3442852,406.5953001,406.5953001,406.5953001,['a'],[3.2263742000213824],410.1152849,410.2816748,411.5828513,2,411.5995473,413.6015065,1,1,2,3
2024-01-29_10h41.12.362,Gen_Run1_Tone,2023.1.0,59.93137856,1,1,img/Agent_AS.png,img/HS.png,img/confidence.png,img/lost.png,0,img/WhiteNoiseLong.wav,413.6015065,414.6021596,414.8525647,414.8525647,['a'],[2.3502266999566928],0.5,417.2209965,417.7218172,417.7218172,418.9728913,418.9728913,418.9728913,['a'],[0.6941060000099242],419.9570464,420.1237055,421.4247885,1,421.4414975,422.4426803,1,2,3,3
2024-01-29_10h41.12.362,Gen_Run1_Tone,2023.1.0,59.93137856,1,1,img/Agent_AM.png,img/LM.png,img/confidence.png,img/lost.png,0,img/WhiteNoiseLong.wav,422.4426803,423.4430418,423.6936313,423.6936313,['a'],[0.152955400000792],1,423.8772476,424.8781217,424.8781217,426.1292041,426.1292041,426.1292041,['a'],[0.3768069999641739],426.7962566,426.9630719,428.2640693,1,428.2806406,429.2820026,1,3,2,2
2024-01-29_10h41.12.362,Gen_Run1_Tone,2023.1.0,59.93137856,1,1,img/Agent_AM.png,img/HS.png,img/confidence.png,img/won.png,1,img/Silent.wav,429.2820026,430.2825659,430.5329925,430.5329925,['c'],[0.501017700007651],1,431.066546,432.0677456,432.0677456,433.3187611,433.3187611,433.3187611,['a'],[1.7561594999860972],435.386759,435.5372071,436.8381004,2,436.8549546,438.8568048,1,2,2,3
2024-01-29_10h41.12.362,Gen_Run1_Tone,2023.1.0,59.93137856,1,1,img/Agent_AW.png,img/LW.png,img/confidence.png,img/lost.png,0,img/WhiteNoiseLong.wav,438.8568048,439.8576808,440.108038,440.108038,['a'],[2.780914800008759],1.5,442.9103273,444.4119225,444.4119225,445.6629343,445.6629343,445.6629343,['a'],[2.1007826999993995],448.0482621,448.2150139,449.5161121,1,449.5327034,450.5336953,1,3,1,1
2024-01-29_10h41.12.362,Gen_Run1_Tone,2023.1.0,59.93137856,1,1,img/Agent_AW.png,img/LM.png,img/confidence.png,img/lost.png,0,img/WhiteNoiseLong.wav,450.5336953,451.5345642,451.7849811,451.7849811,['b'],[0.9439772000187077],1,452.7522983,453.7534729,453.7534729,455.0045224,455.0045224,455.0045224,['b'],[0.36329399998066947],455.6383856,455.8216259,457.1228615,1.5,457.1394936,458.6410839,1,3,1,2
2024-01-29_10h41.12.362,Gen_Run1_Tone,2023.1.0,59.93137856,1,1,img/Agent_AS.png,img/LM.png,img/confidence.png,img/lost.png,0,img/WhiteNoiseLong.wav,458.6410839,459.6416319,459.8921619,459.8921619,['c'],[0.6167936000274494],0.5,460.5257441,461.02646,461.02646,462.2775916,462.2775916,462.2775916,['b'],[1.229187999968417],463.7954151,463.9621564,465.2633721,1.5,465.2799705,466.7814951,1,3,3,2
2024-01-29_10h41.12.362,Gen_Run1_Tone,2023.1.0,59.93137856,1,1,img/Agent_AM.png,img/LW.png,img/confidence.png,img/lost.png,0,img/WhiteNoiseLong.wav,466.7814951,467.7821434,468.0325859,468.0325859,['a'],[1.020308599981945],0.5,469.083326,469.5840257,469.5840257,470.8349037,470.8349037,470.8349037,['c'],[1.2199084000312723],472.353032,472.5197042,473.8208107,2,473.8376102,475.8394732,1,3,2,1
2024-01-29_10h41.12.362,Gen_Run1_Tone,2023.1.0,59.93137856,1,1,img/Agent_AS.png,img/LS.png,img/confidence.png,img/lost.png,0,img/WhiteNoiseLong.wav,475.8394732,476.8401398,477.0906589,477.0906589,['c'],[3.0802009000326507],1,480.1930132,481.1941034,481.1941034,482.445188,482.445188,482.445188,['c'],[1.2697256000246853],484.0130822,484.1798728,485.4810264,1.5,485.4976854,486.9993243,1,3,3,3
2024-01-29_10h41.12.362,Gen_Run1_Tone,2023.1.0,59.93137856,1,1,img/Agent_AS.png,img/LW.png,img/confidence.png,img/lost.png,0,img/WhiteNoiseLong.wav,486.9993243,487.9999581,488.2503705,488.2503705,['a'],[2.490362099953927],2,490.7690308,492.7709818,492.7709818,494.0220249,494.0220249,494.0220249,['b'],[1.692853299959097],496.0071973,496.173739,497.4748605,2,497.491548,499.4935582,1,3,3,1
2024-01-29_10h41.12.362,Gen_Run1_Tone,2023.1.0,59.93137856,1,1,img/Agent_AW.png,img/AS.png,img/confidence.png,img/lost.png,0,img/WhiteNoiseLong.wav,499.4935582,500.4941875,500.744512,500.744512,['a'],[0.606246400042437],1,501.3784029,502.3795718,502.3795718,503.6306468,503.6306468,503.6306468,['c'],[1.187185299990233],505.1152126,505.2818334,506.5830753,1,506.5996741,507.6008216,1,1,1,3
2024-01-29_10h41.12.362,Gen_Run1_Tone,2023.1.0,59.93137856,1,1,img/Agent_AM.png,img/LS.png,img/confidence.png,img/lost.png,0,img/WhiteNoiseLong.wav,507.6008216,508.6013557,508.8515782,508.8515782,['b'],[3.262191799993161],2,512.1378366,514.140119,514.140119,515.3909522,515.3909522,515.3909522,['c'],[1.8850073000066914],517.5760105,517.74266,519.0438554,0.5,519.0605286,519.5613396,1,3,2,3
2024-01-29_10h41.12.362,Gen_Run1_Tone,2023.1.0,59.93137856,1,1,img/Agent_AS.png,img/AW.png,img/confidence.png,img/won.png,1,img/Silent.wav,519.5613396,520.5619268,520.8123536,520.8123536,['c'],[1.0125402999692596],1,521.8463138,522.8473487,522.8473487,524.0985615,524.0985615,524.0985615,['a'],[1.6615131999715231],526.065937,526.216751,527.5175775,1.5,527.5345853,529.0361569,1,1,3,1
2024-01-29_10h41.12.362,Gen_Run1_Tone,2023.1.0,59.93137856,1,1,img/Agent_AS.png,img/HM.png,img/confidence.png,img/won.png,1,img/Silent.wav,529.0361569,530.0368176,530.2872258,530.2872258,['c'],[0.07952799997292459],2,530.3870961,532.389029,532.389029,533.6401014,533.6401014,533.6401014,['c'],[2.9637109999894165],536.9087168,537.0595626,538.3652033,1,538.3774464,539.3785934,1,2,3,2
2024-01-29_10h41.12.362,Gen_Run1_Tone,2023.1.0,59.93137856,1,1,img/Agent_AS.png,img/HW.png,img/confidence.png,img/lost.png,0,img/WhiteNoiseLong.wav,539.3785934,540.3792433,540.6296605,540.6296605,['c'],[0.16414870001608506],0.5,540.8129324,541.3135665,541.3135665,542.5646757,542.5646757,542.5646757,['c'],[1.1134063000208698],543.9656634,544.1325041,545.433733,2,545.4506042,547.4523585,1,2,3,1
2024-01-29_10h41.12.362,Gen_Run1_Tone,2023.1.0,59.93137856,1,1,img/Agent_AM.png,img/AS.png,img/confidence.png,img/won.png,1,img/Silent.wav,547.4523585,548.4530169,548.7034463,548.7034463,['b'],[0.07443390000844374],1,548.8033154,549.8043723,549.8043723,551.0554132,551.0554132,551.0554132,['a'],[0.7415790999657474],552.1049658,552.2563089,553.5570425,1,553.5741196,554.5750973,1,1,2,3
2024-01-29_10h41.12.362,Gen_Run1_Tone,2023.1.0,59.93137856,1,1,img/Agent_AW.png,img/HW.png,img/confidence.png,img/lost.png,0,img/WhiteNoiseLong.wav,554.5750973,555.5757485,555.8262941,555.8262941,['c'],[2.852690299972892],1.5,558.7119315,560.2134505,560.2134505,561.4644368,561.4644368,561.4644368,['a'],[0.040438199997879565],561.7813966,561.9648089,563.265842,2,563.2826074,565.3142384,1,2,1,1
2024-01-29_10h41.12.362,Gen_Run1_Tone,2023.1.0,59.93137856,1,1,img/Agent_HM.png,img/LM.png,img/confidence.png,img/lost.png,0,img/WhiteNoiseLong.wav,565.3142384,566.2852493,566.5351987,566.5351987,['b'],[1.4426315000164323],0.5,568.0033929,568.5038654,568.5038654,569.5047046,569.7550866,569.7550866,['a'],[0.6268400000408292],570.6723514,570.8392564,572.1402814,1,572.1570563,573.1582487,2,3,2,2
2024-01-29_10h41.12.362,Gen_Run1_Tone,2023.1.0,59.93137856,1,1,img/Agent_HM.png,img/AS.png,img/confidence.png,img/won.png,1,img/Silent.wav,573.1582487,574.1588525,574.4092619,574.4092619,['c'],[0.5116146999644116],0.5,574.9427236,575.4435462,575.4435462,576.4439806,576.6947963,576.6947963,['b'],[2.3742324000340886],579.3809556,579.5302967,580.8357154,1,580.8479849,581.8543478,2,1,2,3
2024-01-29_10h41.12.362,Gen_Run1_Tone,2023.1.0,59.93137856,1,1,img/Agent_HS.png,img/AS.png,img/confidence.png,img/won.png,1,img/Silent.wav,581.8543478,582.8497059,583.1002308,583.1002308,['c'],[1.9680660999729298],2,585.0850154,587.0871271,587.0871271,588.0877597,588.3381364,588.3381364,['b'],[1.259803600027226],589.9069683,590.0562563,591.3566463,1,591.3737078,592.3751316,2,1,3,3
2024-01-29_10h41.12.362,Gen_Run1_Tone,2023.1.0,59.93137856,1,1,img/Agent_HS.png,img/AW.png,img/confidence.png,img/won.png,1,img/Silent.wav,592.3751316,593.3756875,593.6260927,593.6260927,['b'],[0.7168799000210129],0.5,594.3766226,594.877248,594.877248,595.8779566,596.1283258,596.1283258,['c'],[1.2117077999864705],597.645191,597.796402,599.0969532,1.5,599.1141727,600.6158018,2,1,3,1
2024-01-29_10h41.12.362,Gen_Run1_Tone,2023.1.0,59.93137856,1,1,img/Agent_HM.png,img/AW.png,img/confidence.png,img/won.png,1,img/Silent.wav,600.6158018,601.616469,601.8668631,601.8668631,['c'],[0.4390357999945991],2,602.3337357,604.3354085,604.3354085,605.3361778,605.5866506,605.5866506,['b'],[0.5353108000126667],606.4367864,606.5872564,607.8882573,0.5,607.9048747,608.4070601,2,1,2,1
2024-01-29_10h41.12.362,Gen_Run1_Tone,2023.1.0,59.93137856,1,1,img/Agent_HW.png,img/LW.png,img/confidence.png,img/won.png,1,img/Silent.wav,608.4070601,609.4065161,609.6569232,609.6569232,['a'],[1.2818505000323057],0.5,610.957713,611.4585269,611.4585269,612.4590588,612.709569,612.709569,['c'],[1.7442643999820575],614.7610007,614.9112989,616.2153995,0.5,616.2291021,616.7295448,2,3,1,1
2024-01-29_10h41.12.362,Gen_Run1_Tone,2023.1.0,59.93137856,1,1,img/Agent_HM.png,img/HW.png,img/confidence.png,img/lost.png,0,img/WhiteNoiseLong.wav,616.7295448,617.7303031,617.980812,617.980812,['c'],[1.9160652999999002],1.5,619.9155785,621.4171568,621.4171568,622.4178194,622.6682019,622.6682019,['c'],[0.4416897000046447],623.4021754,623.5688585,624.8699362,1,624.8865848,625.8878877,2,2,2,1
2024-01-29_10h41.12.362,Gen_Run1_Tone,2023.1.0,59.93137856,1,1,img/Agent_HW.png,img/LS.png,img/confidence.png,img/lost.png,0,img/WhiteNoiseLong.wav,625.8878877,626.8885135,627.1387729,627.1387729,['c'],[1.6711389999836683],0.5,628.8400781,629.3407733,629.3407733,630.3414534,630.5918797,630.5918797,['a'],[2.3989933999837376],633.2775566,633.4441682,634.7452005,1.5,634.761943,636.2636578,2,3,1,3
2024-01-29_10h41.12.362,Gen_Run1_Tone,2023.1.0,59.93137856,1,1,img/Agent_HM.png,img/LW.png,img/confidence.png,img/won.png,1,img/Silent.wav,636.2636578,637.2641357,637.5145889,637.5145889,['c'],[0.049594299984164536],1,637.5810487,638.5822329,638.5822329,639.5829662,639.8333798,639.8333798,['a'],[1.2757476000115275],641.419275,641.5680027,642.8688454,0.5,642.8856908,643.3864344,2,3,2,1
2024-01-29_10h41.12.362,Gen_Run1_Tone,2023.1.0,59.93137856,1,1,img/Agent_HW.png,img/AM.png,img/confidence.png,img/won.png,1,img/Silent.wav,643.3864344,644.3870799,644.6375119,644.6375119,['b'],[0.9795608000131324],0.5,645.6381983,646.1388853,646.1388853,647.1394006,647.3899292,647.3899292,['c'],[1.3619765000184998],649.0563112,649.2080301,650.5089336,0.5,650.5257893,651.0265101,2,1,1,2
2024-01-29_10h41.12.362,Gen_Run1_Tone,2023.1.0,59.93137856,1,1,img/Agent_HW.png,img/HS.png,img/confidence.png,img/lost.png,0,img/WhiteNoiseLong.wav,651.0265101,652.0271586,652.2775839,652.2775839,['b'],[1.335258100007195],2,653.6452321,655.6472714,655.6472714,656.6478169,656.8982557,656.8982557,['a'],[0.6817620999645442],657.865659,658.0323968,659.3335699,1.5,659.3502686,660.8517636,2,2,1,3
2024-01-29_10h41.12.362,Gen_Run1_Tone,2023.1.0,59.93137856,1,1,img/Agent_HS.png,img/LS.png,img/confidence.png,img/lost.png,0,img/WhiteNoiseLong.wav,660.8517636,661.8525327,662.1028852,662.1028852,['a'],[1.11742259998573],1,663.2368384,664.2381264,664.2381264,665.2387429,665.4892969,665.4892969,['a'],[0.3535929000354372],666.1398568,666.3063755,667.6076353,1,667.6242865,668.6254359,2,3,3,3
2024-01-29_10h41.12.362,Gen_Run1_Tone,2023.1.0,59.93137856,1,1,img/Agent_HS.png,img/HM.png,img/confidence.png,img/won.png,1,img/Silent.wav,668.6254359,669.6259668,669.876451,669.876451,['b'],[0.5315885000163689],1,670.4266324,671.4276649,671.4276649,672.4282131,672.6790105,672.6790105,['c'],[4.733037600002717],677.7218251,677.8664053,679.167202,1,679.1841778,680.1854279,2,2,3,2
2024-01-29_10h41.12.362,Gen_Run1_Tone,2023.1.0,59.93137856,1,1,img/Agent_HW.png,img/HM.png,img/confidence.png,img/lost.png,0,img/WhiteNoiseLong.wav,680.1854279,681.1860222,681.4364746,681.4364746,['a'],[1.3195261000073515],1.5,682.7872728,684.2890289,684.2890289,685.2896303,685.5402308,685.5402308,['c'],[3.386641899996903],689.2265278,689.3932132,690.6943714,1.5,690.7111008,692.2127022,2,2,1,2
2024-01-29_10h41.12.362,Gen_Run1_Tone,2023.1.0,59.93137856,1,1,img/Agent_HS.png,img/AM.png,img/confidence.png,img/won.png,1,img/Silent.wav,692.2127022,693.2132953,693.4637097,693.4637097,['b'],[1.30730179999955],2,694.7977907,696.8000046,696.8000046,697.800604,698.0510504,698.0510504,['b'],[2.501191099989228],700.8522339,701.0201174,,1,702.3260171,703.3386508,2,1,3,2
2024-01-29_10h41.12.362,Gen_Run1_Tone,2023.1.0,59.93137856,1,1,img/Agent_HW.png,img/LM.png,img/confidence.png,img/lost.png,0,img/WhiteNoiseLong.wav,703.3386508,704.3397047,704.5900558,704.5900558,['a'],[2.064871900016442],1,706.6751663,707.6760986,707.6760986,708.6769216,708.9272691,708.9272691,['b'],[1.9916687000077218],711.2125591,711.3792622,712.6803296,1.5,712.6969933,714.1986862,2,3,1,2
2024-01-29_10h41.12.362,Gen_Run1_Tone,2023.1.0,59.93137856,1,1,img/Agent_HS.png,img/LW.png,img/confidence.png,img/lost.png,0,img/WhiteNoiseLong.wav,714.1986862,715.1992079,715.4497544,715.4497544,['c'],[1.4972925999900326],0.5,716.9672794,717.4681857,717.4681857,718.4687713,718.719261,718.719261,['a'],[2.067984500026796],721.0713127,721.2546404,722.5557229,2,722.572333,724.5744869,2,3,3,1
2024-01-29_10h41.12.362,Gen_Run1_Tone,2023.1.0,59.93137856,1,1,img/Agent_HM.png,img/LS.png,img/confidence.png,img/lost.png,0,img/WhiteNoiseLong.wav,724.5744869,725.5751772,725.8255904,725.8255904,['b'],[0.6682850000215694],1.5,726.5257815,728.0274935,728.0274935,729.0279362,729.2784574,729.2784574,['a'],[1.1875963999773376],730.7631732,730.9297219,732.2308503,1.5,732.2474626,733.7491611,2,3,2,3
2024-01-29_10h41.12.362,Gen_Run1_Tone,2023.1.0,59.93137856,1,1,img/Agent_HS.png,img/HW.png,img/confidence.png,img/won.png,1,img/Silent.wav,733.7491611,734.7498511,735.0003825,735.0003825,['b'],[1.0034915000433102],1,736.0342283,737.0355291,737.0355291,738.0358814,738.2865846,738.2865846,['c'],[1.569466199958697],740.1705612,740.3213967,741.6256287,1,741.6390728,742.6402928,2,2,3,1
2024-01-29_10h41.12.362,Gen_Run1_Tone,2023.1.0,59.93137856,1,1,img/Agent_HS.png,img/LM.png,img/confidence.png,img/lost.png,0,img/WhiteNoiseLong.wav,742.6402928,743.6409871,743.8914223,743.8914223,['c'],[3.5364821999683045],1,747.4609707,748.4620539,748.4620539,749.4626647,749.7131736,749.7131736,['b'],[4.381880600005388],754.3838092,754.5503755,755.8516456,1,755.8682677,756.8694669,2,3,3,2
2024-01-29_10h41.12.362,Gen_Run1_Tone,2023.1.0,59.93137856,1,1,img/Agent_HW.png,img/AW.png,img/confidence.png,img/won.png,1,img/Silent.wav,756.8694669,757.8700232,758.1205059,758.1205059,['c'],[0.15646629995899275],1.5,758.3037738,759.8053931,759.8053931,760.8057382,761.0563596,761.0563596,['a'],[1.868731900001876],763.2443355,763.3915535,764.6952382,1,764.7093292,765.7105865,2,1,1,1
2024-01-29_10h41.12.362,Gen_Run1_Tone,2023.1.0,59.93137856,1,1,img/Agent_HM.png,img/AM.png,img/confidence.png,img/won.png,1,img/Silent.wav,765.7105865,766.7111066,766.9614969,766.9614969,['c'],[0.026503500004764646],1,767.0113933,768.0125413,768.0125413,769.0130476,769.2636982,769.2636982,,,774.5332075,774.701328,776.0053157,1,776.0192871,777.0204621,2,1,2,2
2024-01-29_10h41.12.362,Gen_Run1_Tone,2023.1.0,59.93137856,1,1,img/Agent_HW.png,img/AS.png,img/confidence.png,img/lost.png,0,img/WhiteNoiseLong.wav,777.0204621,778.0210159,778.2714654,778.2714654,['c'],[1.0365709000034258],0.5,779.3388741,779.8393718,779.8393718,780.8402195,781.0907358,781.0907358,['a'],[1.4323999999905936],782.8087855,782.9753997,784.2765997,0.5,784.2931597,784.7940359,2,1,1,3
2024-01-29_10h41.12.362,Gen_Run1_Tone,2023.1.0,59.93137856,1,1,img/Agent_HM.png,img/HS.png,img/confidence.png,img/lost.png,0,img/WhiteNoiseLong.wav,784.7940359,785.7946516,786.0451678,786.0451678,['c'],[0.7579840000253171],0.5,786.8288238,787.3296406,787.3296406,788.3302449,788.5806455,788.5806455,['b'],[0.47127239999827],789.347845,789.5145085,790.8156283,2,790.8323076,792.8340191,2,2,2,3